PRAGMA foreign_keys=OFF;
BEGIN TRANSACTION;
DROP TABLE IF EXISTS "books";
CREATE TABLE books (
        id INTEGER PRIMARY KEY AUTOINCREMENT,
        isbn TEXT UNIQUE NOT NULL,
        title TEXT NOT NULL,
        author TEXT NOT NULL,
        subject TEXT NOT NULL,
        publisher TEXT,
        publication_year INTEGER,
        total_copies INTEGER NOT NULL DEFAULT 1,
        available_copies INTEGER NOT NULL DEFAULT 1,
        shelf_location TEXT,
        created_at DATETIME DEFAULT CURRENT_TIMESTAMP,
        updated_at DATETIME DEFAULT CURRENT_TIMESTAMP
      );
INSERT INTO "books" ("id", "isbn", "title", "author", "subject", "publisher", "publication_year", "total_copies", "available_copies", "shelf_location", "created_at", "updated_at") VALUES (201, '9780143127741', 'To Kill a Mockingbird', 'Harper Lee', 'Fiction', 'Penguin Books', 2015, 3, 3, 'F-101', '2025-11-09 15:08:27', '2025-11-09 15:08:27');
INSERT INTO "books" ("id", "isbn", "title", "author", "subject", "publisher", "publication_year", "total_copies", "available_copies", "shelf_location", "created_at", "updated_at") VALUES (202, '9781982137274', 'The Great Gatsby', 'F. Scott Fitzgerald', 'Fiction', 'Scribner', 2021, 3, 3, 'F-102', '2025-11-09 15:08:27', '2025-11-09 15:08:27');
INSERT INTO "books" ("id", "isbn", "title", "author", "subject", "publisher", "publication_year", "total_copies", "available_copies", "shelf_location", "created_at", "updated_at") VALUES (203, '9780141439563', 'Pride and Prejudice', 'Jane Austen', 'Fiction', 'Penguin Classics', 2012, 2, 2, 'F-103', '2025-11-09 15:08:27', '2025-11-09 15:08:27');
INSERT INTO "books" ("id", "isbn", "title", "author", "subject", "publisher", "publication_year", "total_copies", "available_copies", "shelf_location", "created_at", "updated_at") VALUES (204, '9780061120084', '1984', 'George Orwell', 'Fiction', 'HarperCollins', 2021, 4, 4, 'F-104', '2025-11-09 15:08:27', '2025-11-09 15:08:27');
INSERT INTO "books" ("id", "isbn", "title", "author", "subject", "publisher", "publication_year", "total_copies", "available_copies", "shelf_location", "created_at", "updated_at") VALUES (205, '9780140283334', 'Animal Farm', 'George Orwell', 'Fiction', 'Penguin Books', 2020, 3, 3, 'F-105', '2025-11-09 15:08:27', '2025-11-09 15:08:27');
INSERT INTO "books" ("id", "isbn", "title", "author", "subject", "publisher", "publication_year", "total_copies", "available_copies", "shelf_location", "created_at", "updated_at") VALUES (206, '9780307277671', 'The Girl with the Dragon Tattoo', 'Stieg Larsson', 'Fiction', 'Vintage', 2011, 3, 3, 'F-201', '2025-11-09 15:08:27', '2025-11-09 15:08:27');
INSERT INTO "books" ("id", "isbn", "title", "author", "subject", "publisher", "publication_year", "total_copies", "available_copies", "shelf_location", "created_at", "updated_at") VALUES (207, '9780307743664', 'Gone Girl', 'Gillian Flynn', 'Fiction', 'Broadway Books', 2014, 3, 3, 'F-202', '2025-11-09 15:08:27', '2025-11-09 15:08:27');
INSERT INTO "books" ("id", "isbn", "title", "author", "subject", "publisher", "publication_year", "total_copies", "available_copies", "shelf_location", "created_at", "updated_at") VALUES (208, '9780385349570', 'The Silent Patient', 'Alex Michaelides', 'Fiction', 'Celadon Books', 2019, 2, 1, 'F-203', '2025-11-09 15:08:27', '2025-11-09 15:08:27');
INSERT INTO "books" ("id", "isbn", "title", "author", "subject", "publisher", "publication_year", "total_copies", "available_copies", "shelf_location", "created_at", "updated_at") VALUES (209, '9780525559474', 'The Seven Husbands of Evelyn Hugo', 'Taylor Jenkins Reid', 'Fiction', 'Atria Books', 2021, 2, 2, 'F-204', '2025-11-09 15:08:27', '2025-11-09 15:08:27');
INSERT INTO "books" ("id", "isbn", "title", "author", "subject", "publisher", "publication_year", "total_copies", "available_copies", "shelf_location", "created_at", "updated_at") VALUES (210, '9780593296145', 'Project Hail Mary', 'Andy Weir', 'Fiction', 'Ballantine Books', 2021, 3, 3, 'F-205', '2025-11-09 15:08:27', '2025-11-09 15:08:27');
INSERT INTO "books" ("id", "isbn", "title", "author", "subject", "publisher", "publication_year", "total_copies", "available_copies", "shelf_location", "created_at", "updated_at") VALUES (211, '9780593099327', 'The Midnight Library', 'Matt Haig', 'Fiction', 'Viking', 2020, 3, 3, 'F-301', '2025-11-09 15:08:27', '2025-11-09 15:08:27');
INSERT INTO "books" ("id", "isbn", "title", "author", "subject", "publisher", "publication_year", "total_copies", "available_copies", "shelf_location", "created_at", "updated_at") VALUES (212, '9780593356154', 'It Ends with Us', 'Colleen Hoover', 'Fiction', 'Atria Books', 2021, 4, 4, 'F-302', '2025-11-09 15:08:27', '2025-11-09 15:08:27');
INSERT INTO "books" ("id", "isbn", "title", "author", "subject", "publisher", "publication_year", "total_copies", "available_copies", "shelf_location", "created_at", "updated_at") VALUES (213, '9780385544241', 'The Dutch House', 'Ann Patchett', 'Fiction', 'Harper', 2019, 2, 2, 'F-303', '2025-11-09 15:08:27', '2025-11-09 15:08:27');
INSERT INTO "books" ("id", "isbn", "title", "author", "subject", "publisher", "publication_year", "total_copies", "available_copies", "shelf_location", "created_at", "updated_at") VALUES (214, '9780593087393', 'Where the Crawdads Sing', 'Delia Owens', 'Fiction', 'G.P. Putnam''s Sons', 2021, 3, 2, 'F-304', '2025-11-09 15:08:27', '2025-11-09 15:08:27');
INSERT INTO "books" ("id", "isbn", "title", "author", "subject", "publisher", "publication_year", "total_copies", "available_copies", "shelf_location", "created_at", "updated_at") VALUES (215, '9780385494248', 'The Handmaid''s Tale', 'Margaret Atwood', 'Fiction', 'Anchor', 2017, 3, 3, 'F-305', '2025-11-09 15:08:27', '2025-11-09 15:08:27');
INSERT INTO "books" ("id", "isbn", "title", "author", "subject", "publisher", "publication_year", "total_copies", "available_copies", "shelf_location", "created_at", "updated_at") VALUES (216, '9780062457714', 'The Alchemist', 'Paulo Coelho', 'Fiction', 'HarperOne', 2014, 4, 4, 'F-401', '2025-11-09 15:08:27', '2025-11-09 15:08:27');
INSERT INTO "books" ("id", "isbn", "title", "author", "subject", "publisher", "publication_year", "total_copies", "available_copies", "shelf_location", "created_at", "updated_at") VALUES (217, '9780143127742', 'The Catcher in the Rye', 'J.D. Salinger', 'Fiction', 'Little, Brown and Company', 2018, 2, 2, 'F-402', '2025-11-09 15:08:27', '2025-11-09 15:08:27');
INSERT INTO "books" ("id", "isbn", "title", "author", "subject", "publisher", "publication_year", "total_copies", "available_copies", "shelf_location", "created_at", "updated_at") VALUES (218, '9780307588371', 'The Help', 'Kathryn Stockett', 'Fiction', 'Berkley', 2011, 3, 3, 'F-403', '2025-11-09 15:08:27', '2025-11-09 15:08:27');
INSERT INTO "books" ("id", "isbn", "title", "author", "subject", "publisher", "publication_year", "total_copies", "available_copies", "shelf_location", "created_at", "updated_at") VALUES (219, '9780385537854', 'The Goldfinch', 'Donna Tartt', 'Fiction', 'Little, Brown and Company', 2014, 2, 2, 'F-404', '2025-11-09 15:08:27', '2025-11-09 15:08:27');
INSERT INTO "books" ("id", "isbn", "title", "author", "subject", "publisher", "publication_year", "total_copies", "available_copies", "shelf_location", "created_at", "updated_at") VALUES (220, '9780525559475', 'Normal People', 'Sally Rooney', 'Fiction', 'Hogarth', 2020, 3, 3, 'F-405', '2025-11-09 15:08:27', '2025-11-09 15:08:27');
INSERT INTO "books" ("id", "isbn", "title", "author", "subject", "publisher", "publication_year", "total_copies", "available_copies", "shelf_location", "created_at", "updated_at") VALUES (221, '9780679760801', 'Sapiens: A Brief History of Humankind', 'Yuval Noah Harari', 'Non-Fiction', 'Harper Perennial', 2015, 4, 3, 'NF-101', '2025-11-09 15:08:27', '2025-11-09 15:08:27');
INSERT INTO "books" ("id", "isbn", "title", "author", "subject", "publisher", "publication_year", "total_copies", "available_copies", "shelf_location", "created_at", "updated_at") VALUES (222, '9781501127625', 'Educated', 'Tara Westover', 'Non-Fiction', 'Random House', 2018, 3, 3, 'NF-102', '2025-11-09 15:08:27', '2025-11-09 15:08:27');
INSERT INTO "books" ("id", "isbn", "title", "author", "subject", "publisher", "publication_year", "total_copies", "available_copies", "shelf_location", "created_at", "updated_at") VALUES (223, '9780671027032', 'The Immortal Life of Henrietta Lacks', 'Rebecca Skloot', 'Non-Fiction', 'Broadway Books', 2011, 2, 2, 'NF-103', '2025-11-09 15:08:27', '2025-11-09 15:08:27');
INSERT INTO "books" ("id", "isbn", "title", "author", "subject", "publisher", "publication_year", "total_copies", "available_copies", "shelf_location", "created_at", "updated_at") VALUES (224, '9780307278784', 'Thinking, Fast and Slow', 'Daniel Kahneman', 'Non-Fiction', 'Farrar, Straus and Giroux', 2013, 3, 2, 'NF-104', '2025-11-09 15:08:27', '2025-11-09 15:08:27');
INSERT INTO "books" ("id", "isbn", "title", "author", "subject", "publisher", "publication_year", "total_copies", "available_copies", "shelf_location", "created_at", "updated_at") VALUES (225, '9780143127743', 'The Power of Now', 'Eckhart Tolle', 'Non-Fiction', 'New World Library', 2010, 4, 3, 'NF-105', '2025-11-09 15:08:27', '2025-11-09 15:08:27');
INSERT INTO "books" ("id", "isbn", "title", "author", "subject", "publisher", "publication_year", "total_copies", "available_copies", "shelf_location", "created_at", "updated_at") VALUES (226, '9780062457715', 'Becoming', 'Michelle Obama', 'Non-Fiction', 'Crown', 2018, 3, 3, 'NF-201', '2025-11-09 15:08:27', '2025-11-09 15:08:27');
INSERT INTO "books" ("id", "isbn", "title", "author", "subject", "publisher", "publication_year", "total_copies", "available_copies", "shelf_location", "created_at", "updated_at") VALUES (227, '9780735211292', 'Atomic Habits', 'James Clear', 'Non-Fiction', 'Avery', 2018, 5, 5, 'NF-202', '2025-11-09 15:08:27', '2025-11-09 15:08:27');
INSERT INTO "books" ("id", "isbn", "title", "author", "subject", "publisher", "publication_year", "total_copies", "available_copies", "shelf_location", "created_at", "updated_at") VALUES (228, '9780143127744', 'The 7 Habits of Highly Effective People', 'Stephen R. Covey', 'Non-Fiction', 'Free Press', 2020, 3, 3, 'NF-203', '2025-11-09 15:08:27', '2025-11-09 15:08:27');
INSERT INTO "books" ("id", "isbn", "title", "author", "subject", "publisher", "publication_year", "total_copies", "available_copies", "shelf_location", "created_at", "updated_at") VALUES (229, '9780525559476', 'The Body Keeps the Score', 'Bessel van der Kolk', 'Non-Fiction', 'Penguin Books', 2015, 2, 2, 'NF-204', '2025-11-09 15:08:27', '2025-11-09 15:08:27');
INSERT INTO "books" ("id", "isbn", "title", "author", "subject", "publisher", "publication_year", "total_copies", "available_copies", "shelf_location", "created_at", "updated_at") VALUES (230, '9780593099328', 'Born a Crime', 'Trevor Noah', 'Non-Fiction', 'Spiegel & Grau', 2019, 3, 3, 'NF-205', '2025-11-09 15:08:27', '2025-11-09 15:08:27');
INSERT INTO "books" ("id", "isbn", "title", "author", "subject", "publisher", "publication_year", "total_copies", "available_copies", "shelf_location", "created_at", "updated_at") VALUES (231, '9780385494249', 'Guns, Germs, and Steel', 'Jared Diamond', 'Non-Fiction', 'W.W. Norton & Company', 2017, 2, 2, 'NF-301', '2025-11-09 15:08:27', '2025-11-09 15:08:27');
INSERT INTO "books" ("id", "isbn", "title", "author", "subject", "publisher", "publication_year", "total_copies", "available_copies", "shelf_location", "created_at", "updated_at") VALUES (232, '9780062457716', 'The Warmth of Other Suns', 'Isabel Wilkerson', 'Non-Fiction', 'Vintage', 2011, 2, 2, 'NF-302', '2025-11-09 15:08:27', '2025-11-09 15:08:27');
INSERT INTO "books" ("id", "isbn", "title", "author", "subject", "publisher", "publication_year", "total_copies", "available_copies", "shelf_location", "created_at", "updated_at") VALUES (233, '9780307278791', 'Outliers: The Story of Success', 'Malcolm Gladwell', 'Non-Fiction', 'Little, Brown and Company', 2011, 3, 3, 'NF-303', '2025-11-09 15:08:27', '2025-11-09 15:08:27');
INSERT INTO "books" ("id", "isbn", "title", "author", "subject", "publisher", "publication_year", "total_copies", "available_copies", "shelf_location", "created_at", "updated_at") VALUES (234, '9780143127745', 'The Devil in the White City', 'Erik Larson', 'Non-Fiction', 'Vintage', 2004, 2, 2, 'NF-304', '2025-11-09 15:08:28', '2025-11-09 15:08:28');
INSERT INTO "books" ("id", "isbn", "title", "author", "subject", "publisher", "publication_year", "total_copies", "available_copies", "shelf_location", "created_at", "updated_at") VALUES (235, '9780525559477', 'Bad Blood: Secrets and Lies in a Silicon Valley Startup', 'John Carreyrou', 'Non-Fiction', 'Knopf', 2018, 2, 1, 'NF-305', '2025-11-09 15:08:28', '2025-11-09 15:08:28');
INSERT INTO "books" ("id", "isbn", "title", "author", "subject", "publisher", "publication_year", "total_copies", "available_copies", "shelf_location", "created_at", "updated_at") VALUES (236, '9780593099329', 'Shoe Dog', 'Phil Knight', 'Non-Fiction', 'Scribner', 2016, 3, 2, 'NF-401', '2025-11-09 15:08:28', '2025-11-09 15:08:28');
INSERT INTO "books" ("id", "isbn", "title", "author", "subject", "publisher", "publication_year", "total_copies", "available_copies", "shelf_location", "created_at", "updated_at") VALUES (237, '9780385494250', 'The Wright Brothers', 'David McCullough', 'Non-Fiction', 'Simon & Schuster', 2016, 2, 2, 'NF-402', '2025-11-09 15:08:28', '2025-11-09 15:08:28');
INSERT INTO "books" ("id", "isbn", "title", "author", "subject", "publisher", "publication_year", "total_copies", "available_copies", "shelf_location", "created_at", "updated_at") VALUES (238, '9780062457717', 'Hillbilly Elegy', 'J.D. Vance', 'Non-Fiction', 'Harper', 2018, 2, 2, 'NF-403', '2025-11-09 15:08:28', '2025-11-09 15:08:28');
INSERT INTO "books" ("id", "isbn", "title", "author", "subject", "publisher", "publication_year", "total_copies", "available_copies", "shelf_location", "created_at", "updated_at") VALUES (239, '9780307278804', 'The Hidden Life of Trees', 'Peter Wohlleben', 'Non-Fiction', 'Greystone Books', 2016, 2, 0, 'NF-404', '2025-11-09 15:08:28', '2025-11-09 15:08:28');
INSERT INTO "books" ("id", "isbn", "title", "author", "subject", "publisher", "publication_year", "total_copies", "available_copies", "shelf_location", "created_at", "updated_at") VALUES (240, '9780143127746', 'Sapiens: A Graphic History', 'Yuval Noah Harari', 'Non-Fiction', 'Harper Perennial', 2020, 3, 3, 'NF-405', '2025-11-09 15:08:28', '2025-11-09 15:08:28');
INSERT INTO "books" ("id", "isbn", "title", "author", "subject", "publisher", "publication_year", "total_copies", "available_copies", "shelf_location", "created_at", "updated_at") VALUES (241, '9780134685991', 'Effective Java', 'Joshua Bloch', 'Computer Science', 'Addison-Wesley', 2018, 3, 2, 'CS-101', '2025-11-09 15:08:28', '2025-11-09 15:08:28');
INSERT INTO "books" ("id", "isbn", "title", "author", "subject", "publisher", "publication_year", "total_copies", "available_copies", "shelf_location", "created_at", "updated_at") VALUES (242, '9780134685992', 'Clean Code: A Handbook of Agile Software Craftsmanship', 'Robert C. Martin', 'Computer Science', 'Prentice Hall', 2008, 4, 4, 'CS-102', '2025-11-09 15:08:28', '2025-11-09 15:08:28');
INSERT INTO "books" ("id", "isbn", "title", "author", "subject", "publisher", "publication_year", "total_copies", "available_copies", "shelf_location", "created_at", "updated_at") VALUES (243, '9780134685993', 'Design Patterns: Elements of Reusable Object-Oriented Software', 'Gang of Four', 'Computer Science', 'Addison-Wesley', 1994, 2, 2, 'CS-103', '2025-11-09 15:08:28', '2025-11-09 15:08:28');
INSERT INTO "books" ("id", "isbn", "title", "author", "subject", "publisher", "publication_year", "total_copies", "available_copies", "shelf_location", "created_at", "updated_at") VALUES (244, '9780134685994', 'Introduction to Algorithms', 'Thomas H. Cormen', 'Computer Science', 'MIT Press', 2022, 3, 3, 'CS-104', '2025-11-09 15:08:28', '2025-11-09 15:08:28');
INSERT INTO "books" ("id", "isbn", "title", "author", "subject", "publisher", "publication_year", "total_copies", "available_copies", "shelf_location", "created_at", "updated_at") VALUES (245, '9780134685995', 'You Don''t Know JS', 'Kyle Simpson', 'Computer Science', 'O''Reilly Media', 2020, 3, 3, 'CS-105', '2025-11-09 15:08:28', '2025-11-09 15:08:28');
INSERT INTO "books" ("id", "isbn", "title", "author", "subject", "publisher", "publication_year", "total_copies", "available_copies", "shelf_location", "created_at", "updated_at") VALUES (246, '9780134685996', 'Artificial Intelligence: A Modern Approach', 'Stuart Russell', 'Computer Science', 'Prentice Hall', 2020, 2, 2, 'CS-201', '2025-11-09 15:08:28', '2025-11-09 15:08:28');
INSERT INTO "books" ("id", "isbn", "title", "author", "subject", "publisher", "publication_year", "total_copies", "available_copies", "shelf_location", "created_at", "updated_at") VALUES (247, '9780134685997', 'Deep Learning', 'Ian Goodfellow', 'Computer Science', 'MIT Press', 2016, 2, -1, 'CS-202', '2025-11-09 15:08:28', '2025-11-09 15:08:28');
INSERT INTO "books" ("id", "isbn", "title", "author", "subject", "publisher", "publication_year", "total_copies", "available_copies", "shelf_location", "created_at", "updated_at") VALUES (248, '9780134685998', 'Database System Concepts', 'Abraham Silberschatz', 'Computer Science', 'McGraw-Hill', 2019, 3, 3, 'CS-203', '2025-11-09 15:08:28', '2025-11-09 15:08:28');
INSERT INTO "books" ("id", "isbn", "title", "author", "subject", "publisher", "publication_year", "total_copies", "available_copies", "shelf_location", "created_at", "updated_at") VALUES (249, '9780134685999', 'Learning React: Modern Patterns for Developing React Apps', 'Alex Banks', 'Computer Science', 'O''Reilly Media', 2020, 4, 4, 'CS-204', '2025-11-09 15:08:28', '2025-11-09 15:08:28');
INSERT INTO "books" ("id", "isbn", "title", "author", "subject", "publisher", "publication_year", "total_copies", "available_copies", "shelf_location", "created_at", "updated_at") VALUES (250, '9780134686000', 'Node.js Design Patterns', 'Mario Casciaro', 'Computer Science', 'Packt Publishing', 2020, 3, 3, 'CS-205', '2025-11-09 15:08:28', '2025-11-09 15:08:28');
INSERT INTO "books" ("id", "isbn", "title", "author", "subject", "publisher", "publication_year", "total_copies", "available_copies", "shelf_location", "created_at", "updated_at") VALUES (251, '9780134686001', 'Eloquent JavaScript', 'Marijn Haverbeke', 'Computer Science', 'No Starch Press', 2018, 3, 3, 'CS-301', '2025-11-09 15:08:28', '2025-11-09 15:08:28');
INSERT INTO "books" ("id", "isbn", "title", "author", "subject", "publisher", "publication_year", "total_copies", "available_copies", "shelf_location", "created_at", "updated_at") VALUES (252, '9780134686002', 'The Pragmatic Programmer', 'Andrew Hunt', 'Computer Science', 'Addison-Wesley', 2019, 4, 4, 'CS-302', '2025-11-09 15:08:28', '2025-11-09 15:08:28');
INSERT INTO "books" ("id", "isbn", "title", "author", "subject", "publisher", "publication_year", "total_copies", "available_copies", "shelf_location", "created_at", "updated_at") VALUES (253, '9780134686003', 'System Design Interview', 'Alex Xu', 'Computer Science', 'Independent', 2020, 3, 3, 'CS-303', '2025-11-09 15:08:28', '2025-11-09 15:08:28');
INSERT INTO "books" ("id", "isbn", "title", "author", "subject", "publisher", "publication_year", "total_copies", "available_copies", "shelf_location", "created_at", "updated_at") VALUES (254, '9780134686004', 'Cracking the Coding Interview', 'Gayle Laakmann McDowell', 'Computer Science', 'CareerCup', 2015, 5, 5, 'CS-304', '2025-11-09 15:08:28', '2025-11-09 15:08:28');
INSERT INTO "books" ("id", "isbn", "title", "author", "subject", "publisher", "publication_year", "total_copies", "available_copies", "shelf_location", "created_at", "updated_at") VALUES (255, '9780134686005', 'Python Crash Course', 'Eric Matthes', 'Computer Science', 'No Starch Press', 2019, 4, 4, 'CS-305', '2025-11-09 15:08:28', '2025-11-09 15:08:28');
INSERT INTO "books" ("id", "isbn", "title", "author", "subject", "publisher", "publication_year", "total_copies", "available_copies", "shelf_location", "created_at", "updated_at") VALUES (256, '9780134686006', 'Calculus: Early Transcendentals', 'James Stewart', 'Mathematics', 'Cengage Learning', 2020, 3, 3, 'MATH-101', '2025-11-09 15:08:28', '2025-11-09 15:08:28');
INSERT INTO "books" ("id", "isbn", "title", "author", "subject", "publisher", "publication_year", "total_copies", "available_copies", "shelf_location", "created_at", "updated_at") VALUES (257, '9780134686007', 'Linear Algebra Done Right', 'Sheldon Axler', 'Mathematics', 'Springer', 2015, 2, 2, 'MATH-102', '2025-11-09 15:08:28', '2025-11-09 15:08:28');
INSERT INTO "books" ("id", "isbn", "title", "author", "subject", "publisher", "publication_year", "total_copies", "available_copies", "shelf_location", "created_at", "updated_at") VALUES (258, '9780134686008', 'Introduction to Statistical Learning', 'Gareth James', 'Mathematics', 'Springer', 2021, 3, 3, 'MATH-103', '2025-11-09 15:08:28', '2025-11-09 15:08:28');
INSERT INTO "books" ("id", "isbn", "title", "author", "subject", "publisher", "publication_year", "total_copies", "available_copies", "shelf_location", "created_at", "updated_at") VALUES (259, '9780134686009', 'Abstract Algebra', 'David S. Dummit', 'Mathematics', 'Wiley', 2004, 2, 2, 'MATH-104', '2025-11-09 15:08:28', '2025-11-09 15:08:28');
INSERT INTO "books" ("id", "isbn", "title", "author", "subject", "publisher", "publication_year", "total_copies", "available_copies", "shelf_location", "created_at", "updated_at") VALUES (260, '9780134686010', 'Differential Equations and Linear Algebra', 'Stephen W. Goode', 'Mathematics', 'Pearson', 2017, 2, 2, 'MATH-105', '2025-11-09 15:08:28', '2025-11-09 15:08:28');
INSERT INTO "books" ("id", "isbn", "title", "author", "subject", "publisher", "publication_year", "total_copies", "available_copies", "shelf_location", "created_at", "updated_at") VALUES (261, '9780134686011', 'Probability and Statistics', 'Morris H. DeGroot', 'Mathematics', 'Pearson', 2012, 3, 3, 'MATH-201', '2025-11-09 15:08:28', '2025-11-09 15:08:28');
INSERT INTO "books" ("id", "isbn", "title", "author", "subject", "publisher", "publication_year", "total_copies", "available_copies", "shelf_location", "created_at", "updated_at") VALUES (262, '9780134686012', 'Real Analysis', 'Walter Rudin', 'Mathematics', 'McGraw-Hill', 1976, 2, 2, 'MATH-202', '2025-11-09 15:08:28', '2025-11-09 15:08:28');
INSERT INTO "books" ("id", "isbn", "title", "author", "subject", "publisher", "publication_year", "total_copies", "available_copies", "shelf_location", "created_at", "updated_at") VALUES (263, '9780134686013', 'Discrete Mathematics and Its Applications', 'Kenneth H. Rosen', 'Mathematics', 'McGraw-Hill', 2018, 3, 3, 'MATH-203', '2025-11-09 15:08:28', '2025-11-09 15:08:28');
INSERT INTO "books" ("id", "isbn", "title", "author", "subject", "publisher", "publication_year", "total_copies", "available_copies", "shelf_location", "created_at", "updated_at") VALUES (264, '9780134686014', 'Number Theory', 'George E. Andrews', 'Mathematics', 'Dover Publications', 1994, 2, 1, 'MATH-204', '2025-11-09 15:08:28', '2025-11-09 15:08:28');
INSERT INTO "books" ("id", "isbn", "title", "author", "subject", "publisher", "publication_year", "total_copies", "available_copies", "shelf_location", "created_at", "updated_at") VALUES (265, '9780134686015', 'Topology', 'James Munkres', 'Mathematics', 'Prentice Hall', 2000, 2, 2, 'MATH-205', '2025-11-09 15:08:28', '2025-11-09 15:08:28');
INSERT INTO "books" ("id", "isbn", "title", "author", "subject", "publisher", "publication_year", "total_copies", "available_copies", "shelf_location", "created_at", "updated_at") VALUES (266, '9780134686016', 'University Physics with Modern Physics', 'Hugh D. Young', 'Physics', 'Pearson', 2019, 3, 3, 'PHY-101', '2025-11-09 15:08:28', '2025-11-09 15:08:28');
INSERT INTO "books" ("id", "isbn", "title", "author", "subject", "publisher", "publication_year", "total_copies", "available_copies", "shelf_location", "created_at", "updated_at") VALUES (267, '9780134686017', 'Introduction to Quantum Mechanics', 'David J. Griffiths', 'Physics', 'Pearson', 2018, 2, 2, 'PHY-102', '2025-11-09 15:08:28', '2025-11-09 15:08:28');
INSERT INTO "books" ("id", "isbn", "title", "author", "subject", "publisher", "publication_year", "total_copies", "available_copies", "shelf_location", "created_at", "updated_at") VALUES (268, '9780134686018', 'Classical Mechanics', 'Herbert Goldstein', 'Physics', 'Addison-Wesley', 2002, 2, 2, 'PHY-103', '2025-11-09 15:08:28', '2025-11-09 15:08:28');
INSERT INTO "books" ("id", "isbn", "title", "author", "subject", "publisher", "publication_year", "total_copies", "available_copies", "shelf_location", "created_at", "updated_at") VALUES (269, '9780134686019', 'Thermodynamics: An Engineering Approach', 'Yunus A. Çengel', 'Physics', 'McGraw-Hill', 2018, 3, 3, 'PHY-104', '2025-11-09 15:08:28', '2025-11-09 15:08:28');
INSERT INTO "books" ("id", "isbn", "title", "author", "subject", "publisher", "publication_year", "total_copies", "available_copies", "shelf_location", "created_at", "updated_at") VALUES (270, '9780134686020', 'Introduction to Electrodynamics', 'David J. Griffiths', 'Physics', 'Pearson', 2017, 2, 2, 'PHY-105', '2025-11-09 15:08:28', '2025-11-09 15:08:28');
INSERT INTO "books" ("id", "isbn", "title", "author", "subject", "publisher", "publication_year", "total_copies", "available_copies", "shelf_location", "created_at", "updated_at") VALUES (271, '9780134686021', 'The Feynman Lectures on Physics', 'Richard P. Feynman', 'Physics', 'Addison-Wesley', 2005, 2, 2, 'PHY-201', '2025-11-09 15:08:28', '2025-11-09 15:08:28');
INSERT INTO "books" ("id", "isbn", "title", "author", "subject", "publisher", "publication_year", "total_copies", "available_copies", "shelf_location", "created_at", "updated_at") VALUES (272, '9780134686022', 'Modern Physics', 'Paul A. Tipler', 'Physics', 'W.H. Freeman', 2008, 2, 2, 'PHY-202', '2025-11-09 15:08:28', '2025-11-09 15:08:28');
INSERT INTO "books" ("id", "isbn", "title", "author", "subject", "publisher", "publication_year", "total_copies", "available_copies", "shelf_location", "created_at", "updated_at") VALUES (273, '9780134686023', 'Statistical Mechanics', 'R.K. Pathria', 'Physics', 'Butterworth-Heinemann', 2011, 2, 2, 'PHY-203', '2025-11-09 15:08:28', '2025-11-09 15:08:28');
INSERT INTO "books" ("id", "isbn", "title", "author", "subject", "publisher", "publication_year", "total_copies", "available_copies", "shelf_location", "created_at", "updated_at") VALUES (274, '9780134686024', 'Optics', 'Eugene Hecht', 'Physics', 'Pearson', 2016, 2, 2, 'PHY-204', '2025-11-09 15:08:28', '2025-11-09 15:08:28');
INSERT INTO "books" ("id", "isbn", "title", "author", "subject", "publisher", "publication_year", "total_copies", "available_copies", "shelf_location", "created_at", "updated_at") VALUES (275, '9780134686025', 'A Brief History of Time', 'Stephen Hawking', 'Physics', 'Bantam', 2011, 3, 3, 'PHY-205', '2025-11-09 15:08:28', '2025-11-09 15:11:12');
INSERT INTO "books" ("id", "isbn", "title", "author", "subject", "publisher", "publication_year", "total_copies", "available_copies", "shelf_location", "created_at", "updated_at") VALUES (276, '9780134686026', 'Organic Chemistry', 'Paula Yurkanis Bruice', 'Chemistry', 'Pearson', 2016, 3, 3, 'CHEM-101', '2025-11-09 15:08:28', '2025-11-09 15:08:28');
INSERT INTO "books" ("id", "isbn", "title", "author", "subject", "publisher", "publication_year", "total_copies", "available_copies", "shelf_location", "created_at", "updated_at") VALUES (277, '9780134686027', 'Inorganic Chemistry', 'Gary L. Miessler', 'Chemistry', 'Pearson', 2013, 2, 2, 'CHEM-102', '2025-11-09 15:08:28', '2025-11-09 15:08:28');
INSERT INTO "books" ("id", "isbn", "title", "author", "subject", "publisher", "publication_year", "total_copies", "available_copies", "shelf_location", "created_at", "updated_at") VALUES (278, '9780134686028', 'Physical Chemistry', 'Peter Atkins', 'Chemistry', 'Oxford University Press', 2017, 2, 2, 'CHEM-103', '2025-11-09 15:08:28', '2025-11-09 15:08:28');
INSERT INTO "books" ("id", "isbn", "title", "author", "subject", "publisher", "publication_year", "total_copies", "available_copies", "shelf_location", "created_at", "updated_at") VALUES (279, '9780134686029', 'General Chemistry', 'Darrell Ebbing', 'Chemistry', 'Cengage Learning', 2016, 3, 3, 'CHEM-104', '2025-11-09 15:08:28', '2025-11-09 15:08:28');
INSERT INTO "books" ("id", "isbn", "title", "author", "subject", "publisher", "publication_year", "total_copies", "available_copies", "shelf_location", "created_at", "updated_at") VALUES (280, '9780134686030', 'Chemistry: The Central Science', 'Theodore L. Brown', 'Chemistry', 'Pearson', 2017, 3, 2, 'CHEM-105', '2025-11-09 15:08:28', '2025-11-09 15:08:28');
INSERT INTO "books" ("id", "isbn", "title", "author", "subject", "publisher", "publication_year", "total_copies", "available_copies", "shelf_location", "created_at", "updated_at") VALUES (281, '9780134686031', 'Advanced Organic Chemistry', 'Francis A. Carey', 'Chemistry', 'Springer', 2007, 2, 1, 'CHEM-201', '2025-11-09 15:08:28', '2025-11-09 15:08:28');
INSERT INTO "books" ("id", "isbn", "title", "author", "subject", "publisher", "publication_year", "total_copies", "available_copies", "shelf_location", "created_at", "updated_at") VALUES (282, '9780134686032', 'Biochemistry', 'Jeremy M. Berg', 'Chemistry', 'W.H. Freeman', 2015, 2, 2, 'CHEM-202', '2025-11-09 15:08:28', '2025-11-09 15:08:28');
INSERT INTO "books" ("id", "isbn", "title", "author", "subject", "publisher", "publication_year", "total_copies", "available_copies", "shelf_location", "created_at", "updated_at") VALUES (283, '9780134686033', 'Analytical Chemistry', 'Douglas A. Skoog', 'Chemistry', 'Cengage Learning', 2017, 2, 2, 'CHEM-203', '2025-11-09 15:08:28', '2025-11-09 15:08:28');
INSERT INTO "books" ("id", "isbn", "title", "author", "subject", "publisher", "publication_year", "total_copies", "available_copies", "shelf_location", "created_at", "updated_at") VALUES (284, '9780134686034', 'Campbell Biology', 'Lisa A. Urry', 'Biology', 'Pearson', 2020, 3, 3, 'BIO-101', '2025-11-09 15:08:28', '2025-11-09 15:08:28');
INSERT INTO "books" ("id", "isbn", "title", "author", "subject", "publisher", "publication_year", "total_copies", "available_copies", "shelf_location", "created_at", "updated_at") VALUES (285, '9780134686035', 'Molecular Biology of the Cell', 'Bruce Alberts', 'Biology', 'Garland Science', 2014, 2, 1, 'BIO-102', '2025-11-09 15:08:28', '2025-11-09 15:08:28');
INSERT INTO "books" ("id", "isbn", "title", "author", "subject", "publisher", "publication_year", "total_copies", "available_copies", "shelf_location", "created_at", "updated_at") VALUES (286, '9780134686036', 'Genetics: Analysis and Principles', 'Robert J. Brooker', 'Biology', 'McGraw-Hill', 2017, 2, 2, 'BIO-103', '2025-11-09 15:08:28', '2025-11-09 15:08:28');
INSERT INTO "books" ("id", "isbn", "title", "author", "subject", "publisher", "publication_year", "total_copies", "available_copies", "shelf_location", "created_at", "updated_at") VALUES (287, '9780134686037', 'Ecology: Concepts and Applications', 'Manuel C. Molles', 'Biology', 'McGraw-Hill', 2018, 2, 2, 'BIO-104', '2025-11-09 15:08:28', '2025-11-09 15:08:28');
INSERT INTO "books" ("id", "isbn", "title", "author", "subject", "publisher", "publication_year", "total_copies", "available_copies", "shelf_location", "created_at", "updated_at") VALUES (288, '9780134686038', 'Human Anatomy & Physiology', 'Elaine N. Marieb', 'Biology', 'Pearson', 2018, 3, 3, 'BIO-105', '2025-11-09 15:08:28', '2025-11-09 15:08:28');
INSERT INTO "books" ("id", "isbn", "title", "author", "subject", "publisher", "publication_year", "total_copies", "available_copies", "shelf_location", "created_at", "updated_at") VALUES (289, '9780134686039', 'The Selfish Gene', 'Richard Dawkins', 'Biology', 'Oxford University Press', 2016, 3, 3, 'BIO-201', '2025-11-09 15:08:28', '2025-11-09 15:08:28');
INSERT INTO "books" ("id", "isbn", "title", "author", "subject", "publisher", "publication_year", "total_copies", "available_copies", "shelf_location", "created_at", "updated_at") VALUES (290, '9780134686040', 'Sapiens: A Brief History of Humankind', 'Yuval Noah Harari', 'Biology', 'Harper Perennial', 2015, 2, 2, 'BIO-202', '2025-11-09 15:08:28', '2025-11-09 15:08:28');
INSERT INTO "books" ("id", "isbn", "title", "author", "subject", "publisher", "publication_year", "total_copies", "available_copies", "shelf_location", "created_at", "updated_at") VALUES (291, '9780134686041', 'The Origin of Species', 'Charles Darwin', 'Biology', 'Penguin Classics', 2009, 2, 1, 'BIO-203', '2025-11-09 15:08:28', '2025-11-09 15:08:28');
INSERT INTO "books" ("id", "isbn", "title", "author", "subject", "publisher", "publication_year", "total_copies", "available_copies", "shelf_location", "created_at", "updated_at") VALUES (292, '9780134686042', 'Good to Great', 'Jim Collins', 'Business', 'HarperBusiness', 2001, 3, 3, 'BUS-101', '2025-11-09 15:08:28', '2025-11-09 15:08:28');
INSERT INTO "books" ("id", "isbn", "title", "author", "subject", "publisher", "publication_year", "total_copies", "available_copies", "shelf_location", "created_at", "updated_at") VALUES (293, '9780134686043', 'The Lean Startup', 'Eric Ries', 'Business', 'Crown Business', 2011, 4, 4, 'BUS-102', '2025-11-09 15:08:28', '2025-11-09 15:08:28');
INSERT INTO "books" ("id", "isbn", "title", "author", "subject", "publisher", "publication_year", "total_copies", "available_copies", "shelf_location", "created_at", "updated_at") VALUES (294, '9780134686044', 'Principles of Marketing', 'Philip Kotler', 'Business', 'Pearson', 2020, 3, 2, 'BUS-103', '2025-11-09 15:08:28', '2025-11-09 15:08:28');
INSERT INTO "books" ("id", "isbn", "title", "author", "subject", "publisher", "publication_year", "total_copies", "available_copies", "shelf_location", "created_at", "updated_at") VALUES (295, '9780134686045', 'Financial Accounting', 'Jerry J. Weygandt', 'Business', 'Wiley', 2018, 3, 3, 'BUS-104', '2025-11-09 15:08:28', '2025-11-09 15:08:28');
INSERT INTO "books" ("id", "isbn", "title", "author", "subject", "publisher", "publication_year", "total_copies", "available_copies", "shelf_location", "created_at", "updated_at") VALUES (296, '9780134686046', 'Thinking, Fast and Slow', 'Daniel Kahneman', 'Business', 'Farrar, Straus and Giroux', 2013, 2, 2, 'BUS-105', '2025-11-09 15:08:28', '2025-11-09 15:08:28');
INSERT INTO "books" ("id", "isbn", "title", "author", "subject", "publisher", "publication_year", "total_copies", "available_copies", "shelf_location", "created_at", "updated_at") VALUES (297, '9780134686047', 'The Innovator''s Dilemma', 'Clayton M. Christensen', 'Business', 'Harvard Business Review Press', 2016, 2, 1, 'BUS-201', '2025-11-09 15:08:28', '2025-11-09 15:08:28');
INSERT INTO "books" ("id", "isbn", "title", "author", "subject", "publisher", "publication_year", "total_copies", "available_copies", "shelf_location", "created_at", "updated_at") VALUES (298, '9780134686048', 'Zero to One', 'Peter Thiel', 'Business', 'Crown Business', 2014, 3, 3, 'BUS-202', '2025-11-09 15:08:28', '2025-11-09 15:08:28');
INSERT INTO "books" ("id", "isbn", "title", "author", "subject", "publisher", "publication_year", "total_copies", "available_copies", "shelf_location", "created_at", "updated_at") VALUES (299, '9780134686049', 'The Hard Thing About Hard Things', 'Ben Horowitz', 'Business', 'HarperBusiness', 2014, 2, 2, 'BUS-203', '2025-11-09 15:08:28', '2025-11-09 15:08:28');
INSERT INTO "books" ("id", "isbn", "title", "author", "subject", "publisher", "publication_year", "total_copies", "available_copies", "shelf_location", "created_at", "updated_at") VALUES (300, '9780134686050', 'Principles: Life and Work', 'Ray Dalio', 'Business', 'Simon & Schuster', 2017, 2, 2, 'BUS-204', '2025-11-09 15:08:28', '2025-11-09 15:08:28');
DROP TABLE IF EXISTS "librarians";
CREATE TABLE librarians (
        id INTEGER PRIMARY KEY AUTOINCREMENT,
        username TEXT UNIQUE NOT NULL,
        password_hash TEXT NOT NULL,
        name TEXT NOT NULL,
        email TEXT UNIQUE NOT NULL,
        role TEXT NOT NULL DEFAULT 'librarian' CHECK(role IN ('admin', 'librarian')),
        created_at DATETIME DEFAULT CURRENT_TIMESTAMP,
        updated_at DATETIME DEFAULT CURRENT_TIMESTAMP
      );
INSERT INTO "librarians" ("id", "username", "password_hash", "name", "email", "role", "created_at", "updated_at") VALUES (5, 'admin', '$2b$10$poByq/4RI.FYWk4yLm7l9uuPOFOQJvqZHbJ5dUHK36P4mlAA1OHAG', 'Admin Librarian', 'admin@library.edu', 'admin', '2025-11-09 15:08:29', '2025-11-09 15:08:29');
INSERT INTO "librarians" ("id", "username", "password_hash", "name", "email", "role", "created_at", "updated_at") VALUES (6, 'librarian', '$2b$10$G3XSdeW7TOFk.YFns2XDJebKn5sZdlnDloluKuQxrUoj05rUTOnRy', 'Regular Librarian', 'librarian@library.edu', 'librarian', '2025-11-09 15:08:29', '2025-11-09 15:08:29');
DROP TABLE IF EXISTS "members";
CREATE TABLE members (
        id INTEGER PRIMARY KEY AUTOINCREMENT,
        member_id TEXT UNIQUE NOT NULL,
        name TEXT NOT NULL,
        email TEXT UNIQUE NOT NULL,
        phone TEXT,
        member_type TEXT NOT NULL CHECK(member_type IN ('student', 'faculty', 'public')),
        registration_date DATE NOT NULL,
        status TEXT NOT NULL DEFAULT 'active' CHECK(status IN ('active', 'inactive')),
        created_at DATETIME DEFAULT CURRENT_TIMESTAMP,
        updated_at DATETIME DEFAULT CURRENT_TIMESTAMP
      );
INSERT INTO "members" ("id", "member_id", "name", "email", "phone", "member_type", "registration_date", "status", "created_at", "updated_at") VALUES (61, 'STU001', 'John Smith', 'john.smith@student.edu', '555-0101', 'student', '2023-01-15', 'active', '2025-11-09 15:08:28', '2025-11-09 15:08:28');
INSERT INTO "members" ("id", "member_id", "name", "email", "phone", "member_type", "registration_date", "status", "created_at", "updated_at") VALUES (62, 'STU002', 'Sarah Johnson', 'sarah.johnson@student.edu', '555-0102', 'student', '2023-02-20', 'active', '2025-11-09 15:08:28', '2025-11-09 15:08:28');
INSERT INTO "members" ("id", "member_id", "name", "email", "phone", "member_type", "registration_date", "status", "created_at", "updated_at") VALUES (63, 'STU003', 'Michael Brown', 'michael.brown@student.edu', '555-0103', 'student', '2023-03-10', 'active', '2025-11-09 15:08:28', '2025-11-09 15:08:28');
INSERT INTO "members" ("id", "member_id", "name", "email", "phone", "member_type", "registration_date", "status", "created_at", "updated_at") VALUES (64, 'STU004', 'Emily Davis', 'emily.davis@student.edu', '555-0104', 'student', '2023-04-05', 'active', '2025-11-09 15:08:28', '2025-11-09 15:08:28');
INSERT INTO "members" ("id", "member_id", "name", "email", "phone", "member_type", "registration_date", "status", "created_at", "updated_at") VALUES (65, 'STU005', 'David Wilson', 'david.wilson@student.edu', '555-0105', 'student', '2023-05-12', 'active', '2025-11-09 15:08:28', '2025-11-09 15:08:28');
INSERT INTO "members" ("id", "member_id", "name", "email", "phone", "member_type", "registration_date", "status", "created_at", "updated_at") VALUES (66, 'STU006', 'Jessica Martinez', 'jessica.martinez@student.edu', '555-0106', 'student', '2023-06-18', 'active', '2025-11-09 15:08:29', '2025-11-09 15:08:29');
INSERT INTO "members" ("id", "member_id", "name", "email", "phone", "member_type", "registration_date", "status", "created_at", "updated_at") VALUES (67, 'STU007', 'Christopher Lee', 'christopher.lee@student.edu', '555-0107', 'student', '2023-07-22', 'active', '2025-11-09 15:08:29', '2025-11-09 15:08:29');
INSERT INTO "members" ("id", "member_id", "name", "email", "phone", "member_type", "registration_date", "status", "created_at", "updated_at") VALUES (68, 'STU008', 'Ashley Garcia', 'ashley.garcia@student.edu', '555-0108', 'student', '2023-08-30', 'active', '2025-11-09 15:08:29', '2025-11-09 15:08:29');
INSERT INTO "members" ("id", "member_id", "name", "email", "phone", "member_type", "registration_date", "status", "created_at", "updated_at") VALUES (69, 'STU009', 'Matthew Rodriguez', 'matthew.rodriguez@student.edu', '555-0109', 'student', '2023-09-14', 'active', '2025-11-09 15:08:29', '2025-11-09 15:08:29');
INSERT INTO "members" ("id", "member_id", "name", "email", "phone", "member_type", "registration_date", "status", "created_at", "updated_at") VALUES (70, 'STU010', 'Amanda Anderson', 'amanda.anderson@student.edu', '555-0110', 'student', '2023-10-08', 'active', '2025-11-09 15:08:29', '2025-11-09 15:08:29');
INSERT INTO "members" ("id", "member_id", "name", "email", "phone", "member_type", "registration_date", "status", "created_at", "updated_at") VALUES (71, 'STU011', 'James Taylor', 'james.taylor@student.edu', '555-0111', 'student', '2022-11-20', 'active', '2025-11-09 15:08:29', '2025-11-09 15:08:29');
INSERT INTO "members" ("id", "member_id", "name", "email", "phone", "member_type", "registration_date", "status", "created_at", "updated_at") VALUES (72, 'STU012', 'Melissa Thomas', 'melissa.thomas@student.edu', '555-0112', 'student', '2022-12-05', 'active', '2025-11-09 15:08:29', '2025-11-09 15:08:29');
INSERT INTO "members" ("id", "member_id", "name", "email", "phone", "member_type", "registration_date", "status", "created_at", "updated_at") VALUES (73, 'STU013', 'Robert Jackson', 'robert.jackson@student.edu', '555-0113', 'student', '2023-01-25', 'inactive', '2025-11-09 15:08:29', '2025-11-09 15:08:29');
INSERT INTO "members" ("id", "member_id", "name", "email", "phone", "member_type", "registration_date", "status", "created_at", "updated_at") VALUES (74, 'STU014', 'Michelle White', 'michelle.white@student.edu', '555-0114', 'student', '2023-02-14', 'active', '2025-11-09 15:08:29', '2025-11-09 15:08:29');
INSERT INTO "members" ("id", "member_id", "name", "email", "phone", "member_type", "registration_date", "status", "created_at", "updated_at") VALUES (75, 'STU015', 'Daniel Harris', 'daniel.harris@student.edu', '555-0115', 'student', '2023-03-28', 'active', '2025-11-09 15:08:29', '2025-11-09 15:08:29');
INSERT INTO "members" ("id", "member_id", "name", "email", "phone", "member_type", "registration_date", "status", "created_at", "updated_at") VALUES (76, 'STU016', 'Laura Clark', 'laura.clark@student.edu', '555-0116', 'student', '2023-04-16', 'active', '2025-11-09 15:08:29', '2025-11-09 15:08:29');
INSERT INTO "members" ("id", "member_id", "name", "email", "phone", "member_type", "registration_date", "status", "created_at", "updated_at") VALUES (77, 'STU017', 'Kevin Lewis', 'kevin.lewis@student.edu', '555-0117', 'student', '2023-05-09', 'active', '2025-11-09 15:08:29', '2025-11-09 15:08:29');
INSERT INTO "members" ("id", "member_id", "name", "email", "phone", "member_type", "registration_date", "status", "created_at", "updated_at") VALUES (78, 'STU018', 'Nicole Walker', 'nicole.walker@student.edu', '555-0118', 'student', '2023-06-22', 'active', '2025-11-09 15:08:29', '2025-11-09 15:08:29');
INSERT INTO "members" ("id", "member_id", "name", "email", "phone", "member_type", "registration_date", "status", "created_at", "updated_at") VALUES (79, 'STU019', 'Ryan Hall', 'ryan.hall@student.edu', '555-0119', 'student', '2023-07-11', 'active', '2025-11-09 15:08:29', '2025-11-09 15:08:29');
INSERT INTO "members" ("id", "member_id", "name", "email", "phone", "member_type", "registration_date", "status", "created_at", "updated_at") VALUES (80, 'STU020', 'Stephanie Allen', 'stephanie.allen@student.edu', '555-0120', 'student', '2023-08-04', 'active', '2025-11-09 15:08:29', '2025-11-09 15:08:29');
INSERT INTO "members" ("id", "member_id", "name", "email", "phone", "member_type", "registration_date", "status", "created_at", "updated_at") VALUES (81, 'FAC001', 'Dr. Robert Thompson', 'r.thompson@university.edu', '555-0201', 'faculty', '2022-01-10', 'active', '2025-11-09 15:08:29', '2025-11-09 15:08:29');
INSERT INTO "members" ("id", "member_id", "name", "email", "phone", "member_type", "registration_date", "status", "created_at", "updated_at") VALUES (82, 'FAC002', 'Dr. Patricia Moore', 'p.moore@university.edu', '555-0202', 'faculty', '2022-02-15', 'active', '2025-11-09 15:08:29', '2025-11-09 15:08:29');
INSERT INTO "members" ("id", "member_id", "name", "email", "phone", "member_type", "registration_date", "status", "created_at", "updated_at") VALUES (83, 'FAC003', 'Dr. William Young', 'w.young@university.edu', '555-0203', 'faculty', '2022-03-20', 'active', '2025-11-09 15:08:29', '2025-11-09 15:08:29');
INSERT INTO "members" ("id", "member_id", "name", "email", "phone", "member_type", "registration_date", "status", "created_at", "updated_at") VALUES (84, 'FAC004', 'Dr. Linda King', 'l.king@university.edu', '555-0204', 'faculty', '2022-04-25', 'active', '2025-11-09 15:08:29', '2025-11-09 15:08:29');
INSERT INTO "members" ("id", "member_id", "name", "email", "phone", "member_type", "registration_date", "status", "created_at", "updated_at") VALUES (85, 'FAC005', 'Dr. Richard Wright', 'r.wright@university.edu', '555-0205', 'faculty', '2022-05-30', 'active', '2025-11-09 15:08:29', '2025-11-09 15:08:29');
INSERT INTO "members" ("id", "member_id", "name", "email", "phone", "member_type", "registration_date", "status", "created_at", "updated_at") VALUES (86, 'FAC006', 'Dr. Barbara Scott', 'b.scott@university.edu', '555-0206', 'faculty', '2022-06-10', 'active', '2025-11-09 15:08:29', '2025-11-09 15:08:29');
INSERT INTO "members" ("id", "member_id", "name", "email", "phone", "member_type", "registration_date", "status", "created_at", "updated_at") VALUES (87, 'FAC007', 'Dr. Joseph Green', 'j.green@university.edu', '555-0207', 'faculty', '2022-07-15', 'active', '2025-11-09 15:08:29', '2025-11-09 15:08:29');
INSERT INTO "members" ("id", "member_id", "name", "email", "phone", "member_type", "registration_date", "status", "created_at", "updated_at") VALUES (88, 'PUB001', 'Jennifer Adams', 'jennifer.adams@email.com', '555-0301', 'public', '2023-09-01', 'active', '2025-11-09 15:08:29', '2025-11-09 15:08:29');
INSERT INTO "members" ("id", "member_id", "name", "email", "phone", "member_type", "registration_date", "status", "created_at", "updated_at") VALUES (89, 'PUB002', 'Mark Baker', 'mark.baker@email.com', '555-0302', 'public', '2023-10-15', 'active', '2025-11-09 15:08:29', '2025-11-09 15:08:29');
INSERT INTO "members" ("id", "member_id", "name", "email", "phone", "member_type", "registration_date", "status", "created_at", "updated_at") VALUES (90, 'PUB003', 'Lisa Carter', 'lisa.carter@email.com', '555-0303', 'public', '2023-11-20', 'active', '2025-11-09 15:08:29', '2025-11-09 15:08:29');
DROP TABLE IF EXISTS "transactions";
CREATE TABLE transactions (
        id INTEGER PRIMARY KEY AUTOINCREMENT,
        book_id INTEGER NOT NULL,
        member_id INTEGER NOT NULL,
        issue_date DATE NOT NULL,
        due_date DATE NOT NULL,
        return_date DATE,
        fine_amount REAL DEFAULT 0,
        status TEXT NOT NULL DEFAULT 'issued' CHECK(status IN ('issued', 'returned', 'overdue')),
        paid BOOLEAN DEFAULT 0,
        created_at DATETIME DEFAULT CURRENT_TIMESTAMP,
        updated_at DATETIME DEFAULT CURRENT_TIMESTAMP,
        FOREIGN KEY (book_id) REFERENCES books(id),
        FOREIGN KEY (member_id) REFERENCES members(id)
      );
INSERT INTO "transactions" ("id", "book_id", "member_id", "issue_date", "due_date", "return_date", "fine_amount", "status", "paid", "created_at", "updated_at") VALUES (101, 210, 62, '2025-10-09', '2025-10-23', '2025-10-28', 10, 'returned', 1, '2025-11-09 15:08:29', '2025-11-09 15:08:29');
INSERT INTO "transactions" ("id", "book_id", "member_id", "issue_date", "due_date", "return_date", "fine_amount", "status", "paid", "created_at", "updated_at") VALUES (102, 261, 61, '2025-10-20', '2025-11-03', '2025-11-10', 14, 'returned', 1, '2025-11-09 15:08:29', '2025-11-09 15:08:29');
INSERT INTO "transactions" ("id", "book_id", "member_id", "issue_date", "due_date", "return_date", "fine_amount", "status", "paid", "created_at", "updated_at") VALUES (103, 281, 84, '2025-09-28', '2025-10-12', '2025-10-16', 8, 'returned', 1, '2025-11-09 15:08:29', '2025-11-09 15:08:29');
INSERT INTO "transactions" ("id", "book_id", "member_id", "issue_date", "due_date", "return_date", "fine_amount", "status", "paid", "created_at", "updated_at") VALUES (104, 251, 82, '2025-09-04', '2025-09-18', '2025-09-24', 12, 'returned', 1, '2025-11-09 15:08:29', '2025-11-09 15:08:29');
INSERT INTO "transactions" ("id", "book_id", "member_id", "issue_date", "due_date", "return_date", "fine_amount", "status", "paid", "created_at", "updated_at") VALUES (105, 223, 90, '2025-09-14', '2025-09-28', '2025-10-05', 14, 'returned', 0, '2025-11-09 15:08:29', '2025-11-09 15:08:29');
INSERT INTO "transactions" ("id", "book_id", "member_id", "issue_date", "due_date", "return_date", "fine_amount", "status", "paid", "created_at", "updated_at") VALUES (106, 251, 69, '2025-10-26', '2025-11-09', '2025-11-16', 14, 'returned', 1, '2025-11-09 15:08:29', '2025-11-09 15:08:29');
INSERT INTO "transactions" ("id", "book_id", "member_id", "issue_date", "due_date", "return_date", "fine_amount", "status", "paid", "created_at", "updated_at") VALUES (107, 292, 81, '2025-10-08', '2025-10-22', '2025-10-28', 12, 'returned', 1, '2025-11-09 15:08:29', '2025-11-09 15:08:29');
INSERT INTO "transactions" ("id", "book_id", "member_id", "issue_date", "due_date", "return_date", "fine_amount", "status", "paid", "created_at", "updated_at") VALUES (108, 245, 63, '2025-09-07', '2025-09-21', '2025-09-19', 0, 'returned', 1, '2025-11-09 15:08:29', '2025-11-09 15:08:29');
INSERT INTO "transactions" ("id", "book_id", "member_id", "issue_date", "due_date", "return_date", "fine_amount", "status", "paid", "created_at", "updated_at") VALUES (109, 210, 88, '2025-10-23', '2025-11-06', '2025-11-06', 0, 'returned', 1, '2025-11-09 15:08:29', '2025-11-09 15:08:29');
INSERT INTO "transactions" ("id", "book_id", "member_id", "issue_date", "due_date", "return_date", "fine_amount", "status", "paid", "created_at", "updated_at") VALUES (110, 239, 67, '2025-10-19', '2025-11-02', '2025-11-03', 2, 'returned', 0, '2025-11-09 15:08:29', '2025-11-09 15:08:29');
INSERT INTO "transactions" ("id", "book_id", "member_id", "issue_date", "due_date", "return_date", "fine_amount", "status", "paid", "created_at", "updated_at") VALUES (111, 281, 69, '2025-09-01', '2025-09-15', '2025-09-17', 4, 'returned', 1, '2025-11-09 15:08:29', '2025-11-09 15:08:29');
INSERT INTO "transactions" ("id", "book_id", "member_id", "issue_date", "due_date", "return_date", "fine_amount", "status", "paid", "created_at", "updated_at") VALUES (112, 273, 75, '2025-10-14', '2025-10-28', '2025-11-04', 14, 'returned', 1, '2025-11-09 15:08:29', '2025-11-09 15:08:29');
INSERT INTO "transactions" ("id", "book_id", "member_id", "issue_date", "due_date", "return_date", "fine_amount", "status", "paid", "created_at", "updated_at") VALUES (113, 257, 88, '2025-10-14', '2025-10-28', '2025-10-30', 4, 'returned', 0, '2025-11-09 15:08:29', '2025-11-09 15:08:29');
INSERT INTO "transactions" ("id", "book_id", "member_id", "issue_date", "due_date", "return_date", "fine_amount", "status", "paid", "created_at", "updated_at") VALUES (114, 247, 65, '2025-09-21', '2025-10-05', '2025-10-06', 2, 'returned', 0, '2025-11-09 15:08:29', '2025-11-09 15:08:29');
INSERT INTO "transactions" ("id", "book_id", "member_id", "issue_date", "due_date", "return_date", "fine_amount", "status", "paid", "created_at", "updated_at") VALUES (115, 250, 66, '2025-09-01', '2025-09-15', '2025-09-15', 0, 'returned', 1, '2025-11-09 15:08:29', '2025-11-09 15:08:29');
INSERT INTO "transactions" ("id", "book_id", "member_id", "issue_date", "due_date", "return_date", "fine_amount", "status", "paid", "created_at", "updated_at") VALUES (116, 267, 86, '2025-09-11', '2025-09-25', '2025-09-28', 6, 'returned', 1, '2025-11-09 15:08:29', '2025-11-09 15:08:29');
INSERT INTO "transactions" ("id", "book_id", "member_id", "issue_date", "due_date", "return_date", "fine_amount", "status", "paid", "created_at", "updated_at") VALUES (117, 290, 84, '2025-10-10', '2025-10-24', '2025-10-28', 8, 'returned', 0, '2025-11-09 15:08:29', '2025-11-09 15:08:29');
INSERT INTO "transactions" ("id", "book_id", "member_id", "issue_date", "due_date", "return_date", "fine_amount", "status", "paid", "created_at", "updated_at") VALUES (118, 300, 80, '2025-09-16', '2025-09-30', '2025-09-30', 0, 'returned', 1, '2025-11-09 15:08:29', '2025-11-09 15:08:29');
INSERT INTO "transactions" ("id", "book_id", "member_id", "issue_date", "due_date", "return_date", "fine_amount", "status", "paid", "created_at", "updated_at") VALUES (119, 201, 61, '2025-10-07', '2025-10-21', '2025-10-19', 0, 'returned', 1, '2025-11-09 15:08:29', '2025-11-09 15:08:29');
INSERT INTO "transactions" ("id", "book_id", "member_id", "issue_date", "due_date", "return_date", "fine_amount", "status", "paid", "created_at", "updated_at") VALUES (120, 269, 88, '2025-09-18', '2025-10-02', '2025-10-04', 4, 'returned', 0, '2025-11-09 15:08:29', '2025-11-09 15:08:29');
INSERT INTO "transactions" ("id", "book_id", "member_id", "issue_date", "due_date", "return_date", "fine_amount", "status", "paid", "created_at", "updated_at") VALUES (121, 270, 73, '2025-09-16', '2025-09-30', '2025-10-07', 14, 'returned', 1, '2025-11-09 15:08:29', '2025-11-09 15:08:29');
INSERT INTO "transactions" ("id", "book_id", "member_id", "issue_date", "due_date", "return_date", "fine_amount", "status", "paid", "created_at", "updated_at") VALUES (122, 229, 63, '2025-09-05', '2025-09-19', '2025-09-24', 10, 'returned', 0, '2025-11-09 15:08:29', '2025-11-09 15:08:29');
INSERT INTO "transactions" ("id", "book_id", "member_id", "issue_date", "due_date", "return_date", "fine_amount", "status", "paid", "created_at", "updated_at") VALUES (123, 293, 90, '2025-10-02', '2025-10-16', '2025-10-21', 10, 'returned', 1, '2025-11-09 15:08:29', '2025-11-09 15:08:29');
INSERT INTO "transactions" ("id", "book_id", "member_id", "issue_date", "due_date", "return_date", "fine_amount", "status", "paid", "created_at", "updated_at") VALUES (124, 227, 61, '2025-09-06', '2025-09-20', '2025-09-26', 12, 'returned', 0, '2025-11-09 15:08:29', '2025-11-09 15:08:29');
INSERT INTO "transactions" ("id", "book_id", "member_id", "issue_date", "due_date", "return_date", "fine_amount", "status", "paid", "created_at", "updated_at") VALUES (125, 242, 63, '2025-10-09', '2025-10-23', '2025-10-25', 4, 'returned', 1, '2025-11-09 15:08:29', '2025-11-09 15:08:29');
INSERT INTO "transactions" ("id", "book_id", "member_id", "issue_date", "due_date", "return_date", "fine_amount", "status", "paid", "created_at", "updated_at") VALUES (126, 293, 71, '2025-10-21', '2025-11-04', '2025-11-05', 2, 'returned', 1, '2025-11-09 15:08:29', '2025-11-09 15:08:29');
INSERT INTO "transactions" ("id", "book_id", "member_id", "issue_date", "due_date", "return_date", "fine_amount", "status", "paid", "created_at", "updated_at") VALUES (127, 207, 68, '2025-09-08', '2025-09-22', '2025-09-25', 6, 'returned', 0, '2025-11-09 15:08:29', '2025-11-09 15:08:29');
INSERT INTO "transactions" ("id", "book_id", "member_id", "issue_date", "due_date", "return_date", "fine_amount", "status", "paid", "created_at", "updated_at") VALUES (128, 270, 62, '2025-10-05', '2025-10-19', '2025-10-20', 2, 'returned', 0, '2025-11-09 15:08:29', '2025-11-09 15:08:29');
INSERT INTO "transactions" ("id", "book_id", "member_id", "issue_date", "due_date", "return_date", "fine_amount", "status", "paid", "created_at", "updated_at") VALUES (129, 263, 82, '2025-10-07', '2025-10-21', '2025-10-20', 0, 'returned', 1, '2025-11-09 15:08:29', '2025-11-09 15:08:29');
INSERT INTO "transactions" ("id", "book_id", "member_id", "issue_date", "due_date", "return_date", "fine_amount", "status", "paid", "created_at", "updated_at") VALUES (130, 263, 65, '2025-09-01', '2025-09-15', '2025-09-15', 0, 'returned', 1, '2025-11-09 15:08:29', '2025-11-09 15:08:29');
INSERT INTO "transactions" ("id", "book_id", "member_id", "issue_date", "due_date", "return_date", "fine_amount", "status", "paid", "created_at", "updated_at") VALUES (131, 236, 67, '2025-10-28', '2025-11-11', NULL, 18, 'overdue', 0, '2025-11-09 15:08:30', '2025-11-09 15:08:30');
INSERT INTO "transactions" ("id", "book_id", "member_id", "issue_date", "due_date", "return_date", "fine_amount", "status", "paid", "created_at", "updated_at") VALUES (132, 214, 61, '2025-11-01', '2025-11-15', NULL, 10, 'overdue', 0, '2025-11-09 15:08:30', '2025-11-09 15:08:30');
INSERT INTO "transactions" ("id", "book_id", "member_id", "issue_date", "due_date", "return_date", "fine_amount", "status", "paid", "created_at", "updated_at") VALUES (133, 280, 86, '2025-11-07', '2025-11-21', NULL, 0, 'issued', 0, '2025-11-09 15:08:30', '2025-11-09 15:08:30');
INSERT INTO "transactions" ("id", "book_id", "member_id", "issue_date", "due_date", "return_date", "fine_amount", "status", "paid", "created_at", "updated_at") VALUES (134, 285, 61, '2025-10-26', '2025-11-09', NULL, 22, 'overdue', 0, '2025-11-09 15:08:30', '2025-11-09 15:08:30');
INSERT INTO "transactions" ("id", "book_id", "member_id", "issue_date", "due_date", "return_date", "fine_amount", "status", "paid", "created_at", "updated_at") VALUES (135, 235, 64, '2025-10-25', '2025-11-08', NULL, 24, 'overdue', 0, '2025-11-09 15:08:30', '2025-11-09 15:08:30');
INSERT INTO "transactions" ("id", "book_id", "member_id", "issue_date", "due_date", "return_date", "fine_amount", "status", "paid", "created_at", "updated_at") VALUES (136, 291, 74, '2025-11-01', '2025-11-15', NULL, 10, 'overdue', 0, '2025-11-09 15:08:30', '2025-11-09 15:08:30');
INSERT INTO "transactions" ("id", "book_id", "member_id", "issue_date", "due_date", "return_date", "fine_amount", "status", "paid", "created_at", "updated_at") VALUES (137, 247, 89, '2025-10-31', '2025-11-14', NULL, 12, 'overdue', 0, '2025-11-09 15:08:30', '2025-11-09 15:08:30');
INSERT INTO "transactions" ("id", "book_id", "member_id", "issue_date", "due_date", "return_date", "fine_amount", "status", "paid", "created_at", "updated_at") VALUES (138, 239, 67, '2025-11-06', '2025-11-20', NULL, 0, 'overdue', 0, '2025-11-09 15:08:30', '2025-11-09 15:08:30');
INSERT INTO "transactions" ("id", "book_id", "member_id", "issue_date", "due_date", "return_date", "fine_amount", "status", "paid", "created_at", "updated_at") VALUES (139, 241, 62, '2025-10-31', '2025-11-14', NULL, 12, 'overdue', 0, '2025-11-09 15:08:30', '2025-11-09 15:08:30');
INSERT INTO "transactions" ("id", "book_id", "member_id", "issue_date", "due_date", "return_date", "fine_amount", "status", "paid", "created_at", "updated_at") VALUES (140, 294, 74, '2025-11-02', '2025-11-16', NULL, 8, 'overdue', 0, '2025-11-09 15:08:30', '2025-11-09 15:08:30');
INSERT INTO "transactions" ("id", "book_id", "member_id", "issue_date", "due_date", "return_date", "fine_amount", "status", "paid", "created_at", "updated_at") VALUES (141, 208, 74, '2025-10-21', '2025-11-04', NULL, 32, 'overdue', 0, '2025-11-09 15:08:30', '2025-11-09 15:08:30');
INSERT INTO "transactions" ("id", "book_id", "member_id", "issue_date", "due_date", "return_date", "fine_amount", "status", "paid", "created_at", "updated_at") VALUES (142, 247, 69, '2025-11-02', '2025-11-16', NULL, 8, 'overdue', 0, '2025-11-09 15:08:30', '2025-11-09 15:08:30');
INSERT INTO "transactions" ("id", "book_id", "member_id", "issue_date", "due_date", "return_date", "fine_amount", "status", "paid", "created_at", "updated_at") VALUES (143, 297, 84, '2025-10-22', '2025-11-05', NULL, 30, 'overdue', 0, '2025-11-09 15:08:30', '2025-11-09 15:08:30');
INSERT INTO "transactions" ("id", "book_id", "member_id", "issue_date", "due_date", "return_date", "fine_amount", "status", "paid", "created_at", "updated_at") VALUES (144, 221, 88, '2025-11-01', '2025-11-15', NULL, 10, 'overdue', 0, '2025-11-09 15:08:30', '2025-11-09 15:08:30');
INSERT INTO "transactions" ("id", "book_id", "member_id", "issue_date", "due_date", "return_date", "fine_amount", "status", "paid", "created_at", "updated_at") VALUES (145, 239, 65, '2025-10-27', '2025-11-10', NULL, 20, 'overdue', 0, '2025-11-09 15:08:30', '2025-11-09 15:08:30');
INSERT INTO "transactions" ("id", "book_id", "member_id", "issue_date", "due_date", "return_date", "fine_amount", "status", "paid", "created_at", "updated_at") VALUES (146, 264, 88, '2025-11-09', '2025-11-23', NULL, 0, 'issued', 0, '2025-11-09 15:08:30', '2025-11-09 15:08:30');
INSERT INTO "transactions" ("id", "book_id", "member_id", "issue_date", "due_date", "return_date", "fine_amount", "status", "paid", "created_at", "updated_at") VALUES (147, 225, 69, '2025-11-07', '2025-11-21', NULL, 0, 'issued', 0, '2025-11-09 15:08:30', '2025-11-09 15:08:30');
INSERT INTO "transactions" ("id", "book_id", "member_id", "issue_date", "due_date", "return_date", "fine_amount", "status", "paid", "created_at", "updated_at") VALUES (148, 281, 85, '2025-11-06', '2025-11-20', NULL, 0, 'overdue', 0, '2025-11-09 15:08:30', '2025-11-09 15:08:30');
INSERT INTO "transactions" ("id", "book_id", "member_id", "issue_date", "due_date", "return_date", "fine_amount", "status", "paid", "created_at", "updated_at") VALUES (149, 247, 65, '2025-11-09', '2025-11-23', NULL, 0, 'issued', 0, '2025-11-09 15:08:30', '2025-11-09 15:08:30');
INSERT INTO "transactions" ("id", "book_id", "member_id", "issue_date", "due_date", "return_date", "fine_amount", "status", "paid", "created_at", "updated_at") VALUES (150, 224, 71, '2025-11-05', '2025-11-19', NULL, 2, 'overdue', 0, '2025-11-09 15:08:30', '2025-11-09 15:08:30');
COMMIT;
